img,plate,plate_type
1.png,59-P1 332.02,2line
2.png,54-T1 4995,2line
3.png,51-L4 1138,2line
4.png,59-M1 760.54,2line
5.png,60-FP 1469,2line
6.png,65-F1 315.32,2line
7.png,47-B1 770.40,2line
8.png,59-C2 305.13,2line
9.png,59-D1 856.19,2line
10.png,59-C2 550.06,2line
11.png,54-P1 1782,2line
12.png,54-L3 6961,2line
13.png,59-K1 223.23,2line
14.png,59-M1 217.04,2line
15.png,54-P2 4739,2line
16.png,63-B3 044.26,2line
17.png,60-C1 237.74,2line
18.png,59-N1 695.75,2line
19.png,54-V2 5804,2line
20.png,60-U2 3465,2line
21.png,52-T8 5761,2line
22.png,76-H1 175.50,2line
23.png,59-C2 593.92,2line
24.png,54-T3 0255,2line
25.png,54-V3 9264,2line
26.png,59-P2 189.00,2line
27.png,54-S8 4120,2line
28.png,59-H1 439.86,2line
29.png,54-F2 8259,2line
30.png,59-S2 235.46,2line
31.png,59-C1 397.80,2line
32.png,54-T1 7232,2line
33.png,63-H3 1295,2line
34.png,59-A3 086.40,2line
35.png,59-M1 600.77,2line
36.png,59-U1 454.76,2line
37.png,59-T1 616.54,2line
38.png,59-F1 219.26,2line
39.png,59-H1 028.76,2line
40.png,59-S2 316.06,2line
41.png,84-G1 225.93,2line
42.png,59-C2 281.14,2line
43.png,59-B1 378.58,2line
44.png,65-L1 083.96,2line
45.png,59-P1 892.67,2line
46.png,59-S2 083.38,2line
47.png,59-H1 636.02,2line
48.png,59-S1 818.34,2line
49.png,51-K6 1392,2line
50.png,72-K1 254.76,2line
51.png,54-M2 9266,2line
53.png,59-Y1 608.11,2line
54.png,52-P3 9520,2line
55.png,59-L1 776.93,2line
56.png,54-H1 5326,2line
57.png,59-X1 374.38,2line
58.png,54-S8 5452,2line
59.png,59-N1 471.02,2line
60.png,59-C2 414.73,2line
61.png,79-H1 200.23,2line
62.png,"60-B6 280,32",2line
63.png,59-P2 207.70,2line
64.png,63-H5 4588,2line
65.png,59-V2 335.22,2line
66.png,79-C1 221.77,2line
67.png,59-F1 322.10,2line
68.png,59-X1 243.40,2line
69.png,59-V2 090.48,2line
70.png,79-Z1 185.89,2line
71.png,54-Y3 8211,2line
72.png,59-E1 029.93,2line
73.png,54-U5 2813,2line
74.png,67-B1 696.60,2line
75.png,59-N1 739.48,2line
76.png,59-Y1 919.82,2line
78.png,51-P9 8308,2line
79.png,54-L1 8811,2line
80.png,60-V7 7002,2line
81.png,59-F1 138.60,2line
82.png,59-C2 527.95,2line
83.png,59-T1 888.08,2line
84.png,59-T1 621.33,2line
85.png,61-G1 043.05,2line
86.png,59-T1 313.40,2line
87.png,59-V2 008.84,2line
88.png,59-S1 262.08,2line
89.png,59-S2 080.82,2line
91.png,59-C1 040.54,2line
92.png,59-T1 534.85,2line
93.png,63-H5 1336,2line
94.png,54-K1 6483,2line
95.png,60-Z7 7813,2line
96.png,59-P1 664.80,2line
97.png,54-F3 7071,2line
98.png,59-B1 234.68,2line
99.png,77-F1 305.41,2line
100.png,60-B1 864.36,2line
101.png,59-L1 447.16,2line
102.png,59-S1 248.31,2line
103.png,59-C1 391.13,2line
104.png,59-K1 418.19,2line
105.png,63-B9 579.26,2line
106.png,59-T1 347.38,2line
107.png,59-H1 525.12,2line
108.png,72-K1 085.50,2line
109.png,76-D1 240.27,2line
110.png,54-Z3 1084,2line
111.png,54-N4 6324,2line
112.png,59-C2 019.09,2line
113.png,60-B6 088.80,2line
114.png,59-C2 628.72,2line
115.png,54-L2 9072,2line
116.png,54-V2 263.10,2line
117.png,59-S1 352.52,2line
118.png,59-T1 052.97,2line
119.png,54-K4 0723,2line
120.png,59-U1 598.97,2line
121.png,59-C1 686.12,2line
122.png,51-L5 4520,2line
123.png,60-F2 045.65,2line
124.png,59-C1 653.31,2line
125.png,59-L1 941.76,2line
126.png,59-U1 661.41,2line
127.png,60-B1 571.22,2line
128.png,54-X2 6487,2line
129.png,60-FL 7420,2line
130.png,78-E1 241.13,2line
131.png,59-P1 837.38,2line
132.png,59-X1 695.92,2line
133.png,79-Z1 048.11,2line
134.png,59-G1 251.21,2line
135.png,59-P2 083.24,2line
136.png,53-P2 4531,2line
137.png,51-P7 4022,2line
138.png,59-T1 830.13,2line
139.png,54-U5 4316,2line
140.png,77-C1 393.73,2line
141.png,54-X8 2567,2line
142.png,51-L8 0104,2line
143.png,59-P2 303.51,2line
144.png,61-Z1 2662,2line
145.png,59-E1 723.61,2line
146.png,54-X9 9300,2line
147.png,59-T1 082.64,2line
148.png,51-L6 8446,2line
149.png,59-X2 0354,2line
150.png,59-Y1 713.64,2line
151.png,59-K1 225.99,2line
152.png,59-K1 650.72,2line
153.png,54-2 2733,2line
154.png,59-C1 482.75,2line
155.png,54-S4 4283,2line
156.png,50-BA 555.17,2line
157.png,59-T1 922.70,2line
158.png,47-C1 152.94,2line
159.png,59-E1 531.27,2line
160.png,61-C1 064.03,2line
161.png,66-L1 266.85,2line
162.png,54-U5 7001,2line
163.png,49-K1 073.20,2line
164.png,16-M9 0826,2line
165.png,54-S8 5489,2line
166.png,62-G1 097.36,2line
167.png,59-L1 847.59,2line
168.png,52-N5 2030,2line
169.png,59-N1 748.64,2line
170.png,59-C1 670.71,2line
171.png,67-F1 113.17,2line
172.png,59-D1 887.28,2line
173.png,77-F7 9919,2line
174.png,64-D1 132.41,2line
175.png,78-C1 231.79,2line
176.png,59-F1 765.97,2line
177.png,59-H1 561.97,2line
178.png,67-B1 408.33,2line
179.png,59-S1 534.18,2line
180.png,72-C1 125.11,2line
181.png,66-N1 130.34,2line
182.png,59-C1 253.18,2line
183.png,59-C1 622.93,2line
184.png,59-D1 599.89,2line
185.png,59-P2 002.63,2line
186.png,59-L1 916.51,2line
187.png,78-N2 5203,2line
188.png,59-C1 3631,2line
189.png,81-B1 387.46,2line
190.png,59-L1 508.99,2line
191.png,62-P1 519.09,2line
192.png,75-F1 029.91,2line
193.png,81-B1 379.63,2line
194.png,54-P7 2138,2line
195.png,60-B3 163.91,2line
196.png,83-P1 675.60,2line
197.png,59-F1 322.46,2line
198.png,59-E1 550.40,2line
199.png,85-B1 028.36,2line
200.png,51-T4 2133,2line
201.png,52-P8 7232,2line
202.png,54-S2 2148,2line
203.png,59-X1 544.97,2line
204.png,59-P2 323.34,2line
205.png,59-L2 313.18,2line
206.png,51-H4 2822,2line
207.png,78-H1 021.33,2line
208.png,60-X9 4808,2line
209.png,59-N1 875.15,2line
210.png,59-S2 267.54,2line
211.png,59-V2 160.23,2line
212.png,59-T1 599.73,2line
213.png,59-X2 773.99,2line
214.png,79-Z1 5804,2line
215.png,59-B1 311.49,2line
216.png,53-R9 0844,2line
218.png,59-F1 314.69,2line
219.png,59-C2 5920,2line
220.png,54-N6 4172,2line
221.png,67-H1 036.55,2line
222.png,51-K2 8501,2line
223.png,59-S2 232.45,2line
225.png,59-B1 385.59,2line
226.png,60-C1 658.29,2line
227.png,59-C2 582.56,2line
229.png,59-E1 296.60,2line
230.png,62-V1 6814,2line
231.png,79-U2 4621,2line
232.png,60-C2 366.87,2line
233.png,62-K1 179.29,2line
234.png,70-K1 059.63,2line
235.png,59-C1 5610,2line
236.png,54-T2 3353,2line
237.png,59-L2 054.42,2line
239.png,62-L1 227.67,2line
240.png,59-S2 219.69,2line
241.png,59-H1 341.59,2line
243.png,67-G1 067.16,2line
244.png,59-S2 299.69,2line
245.png,51-X9 1894,2line
246.png,93-F1 170.78,2line
247.png,59-T1 009.85,2line
248.png,59-F1 474.88,2line
249.png,54-F4 4078,2line
250.png,55-Y4 8437,2line
251.png,66-P1 519.93,2line
252.png,60-B9 383.85,2line
253.png,59-C2 247.29,2line
254.png,59-E1 341.92,2line
255.png,51-5 6273,2line
256.png,49-B1 511.83,2line
257.png,52-T5 6177,2line
258.png,84-K5 1618,2line
259.png,68-H2 6613,2line
260.png,59-B1 291.17,2line
261.png,94-K1 2426,2line
262.png,59-Z2 054.56,2line
263.png,59-S2 510.95,2line
264.png,59-H1 555.56,2line
265.png,59-P1 418.18,2line
266.png,59-E1 639.78,2line
267.png,93-F9 4406,2line
268.png,86-N1 105.47,2line
269.png,60-DB1 931.13,2line
270.png,59-G1 965.77,2line
271.png,59-C1 228.51,2line
272.png,59-H1 593.24,2line
273.png,59-N2 090.50,2line
274.png,59-S2 329.28,2line
275.png,72-F1 311.44,2line
277.png,60-B5 523.33,2line
278.png,59-Y1 674.52,2line
279.png,59-T1 802.03,2line
280.png,69-C1 285.88,2line
281.png,60-B7 154.61,2line
282.png,82-K3 7689,2line
283.png,86-B3 198.58,2line
284.png,95-H1 121.78,2line
285.png,37-K4 6713,2line
286.png,59-S1 068.65,2line
287.png,52-P5 0334,2line
288.png,54-U3 9055,2line
289.png,59-V1 452.17,2line
291.png,59-L2 149.99,2line
292.png,59-A3 036.15,2line
293.png,59-U1 528.84,2line
294.png,68-T9 0223,2line
295.png,59-E1 689.73,2line
296.png,59-Y1 873.04,2line
297.png,60-B7 341.76,2line
298.png,59-L1 481.83,2line
300.png,59-Z1 206.81,2line
301.png,85-F1 004.17,2line
302.png,63-F6 8411,2line
303.png,93-P1 174.09,2line
304.png,83-C1 171.11,2line
305.png,54-T3 4538,2line
306.png,43-G1 136.84,2line
308.png,59-K1 832.35,2line
309.png,59-K1 903.00,2line
311.png,50-N1 125.82,2line
312.png,59-U1 352.26,2line
313.png,59-T1 455.77,2line
314.png,67-M2 5949,2line
315.png,85-B1 178.51,2line
316.png,59-Y1 877.24,2line
317.png,59-C2 574.92,2line
318.png,59-S1 112.89,2line
319.png,52-F5 3512,2line
320.png,59-U1 561.41,2line
321.png,60-C2 006.84,2line
322.png,95-DB 011.79,2line
323.png,59-M1 462.04,2line
324.png,53-V7 3196,2line
325.png,63-B1 409.91,2line
326.png,59-N1 879.57,2line
327.png,59-B1 000.02,2line
328.png,52-U4 4702,2line
329.png,59-C2 511.09,2line
330.png,49-F1 086.60,2line
331.png,59-F1 150.42,2line
332.png,71-B2 079.99,2line
333.png,47-B1 428.72,2line
334.png,59-S2 010.79,2line
335.png,54-S5 5036,2line
336.png,54-S4 6869,2line
337.png,51-P5 4578,2line
338.png,43-D1 065.44,2line
339.png,67-M1 360.37,2line
340.png,59-D1 438.20,2line
341.png,59-D1 654.55,2line
342.png,51-H2 5512,2line
343.png,59-S1 149.91,2line
344.png,59-L2 313.95,2line
346.png,51-L3 0352,2line
347.png,59-V2 453.87,2line
348.png,72-C1 360.87,2line
349.png,59-E1 531.39,2line
350.png,59-T1 875.64,2line
351.png,54-4 7039,2line
352.png,49-G1 099.99,2line
353.png,71-B1 401.40,2line
354.png,51-S5 7559,2line
355.png,49-B1 312.15,2line
356.png,52-Y6 5446,2line
357.png,59-S1 953.82,2line
358.png,33-M7 3521,2line
359.png,59-M1 082.75,2line
360.png,81-G1 147.10,2line
361.png,54-X9 5114,2line
363.png,52-Z7 9752,2line
365.png,59-C1 351.32,2line
366.png,30-F1 4765,2line
367.png,59-E1 687.85,2line
368.png,59-H1 418.55,2line
369.png,59-L1 894.75,2line
370.png,77-H1 068.30,2line
371.png,59-C1 325.02,2line
373.png,59-S1 594.84,2line
374.png,59-C1 436.89,2line
375.png,51-K5 9102,2line
376.png,59-S1 313.86,2line
377.png,59-N1 255.21,2line
378.png,59-E1 509.88,2line
380.png,95-P2 6027,2line
381.png,59-L1 357.03,2line
384.png,60-U2 9125,2line
385.png,48-B1 288.07,2line
386.png,67-B1 009.79,2line
387.png,51-H3 2153,2line
388.png,59-V2 455.06,2line
389.png,60-F2 019.49,2line
390.png,47-B1 426.42,2line
394.png,59-S1 713.98,2line
395.png,52-U6 2655,2line
396.png,61-D1 128.78,2line
397.png,60-F1 617.50,2line
398.png,59-P2 211.81,2line
399.png,51-K3 8796,2line
400.png,59-C1 618.91,2line
402.png,77-YV3 4619,2line
404.png,62-K5 1250,2line
405.png,60-F1 183.19,2line
406.png,59-C1 163.49,2line
407.png,52-L2 6661,2line
408.png,71-S3 5011,2line
409.png,59-S2 366.23,2line
410.png,63-B6 134.21,2line
411.png,59-M1 487.00,2line
412.png,54-H2 2721,2line
413.png,55-P8 7062,2line
414.png,59-L2 276.02,2line
415.png,59-E1 001.79,2line
416.png,59-F1 827.87,2line
417.png,59-P1 988.76,2line
419.png,59-N1 180.63,2line
420.png,59-S2 460.39,2line
421.png,71-B1 580.70,2line
422.png,59-L1 109.89,2line
423.png,49-B1 041.82,2line
424.png,59-H1 526.97,2line
425.png,59-F1 090.31,2line
426.png,59-H1 157.93,2line
427.png,48-B1 314.42,2line
428.png,59-F1 629.19,2line
429.png,54-T5 2159,2line
430.png,52-Z6 5061,2line
431.png,59-P2 313.16,2line
432.png,59-S2 278.31,2line
433.png,63-B1 387.86,2line
435.png,59-H1 435.64,2line
436.png,59-B1 314.89,2line
437.png,59-L1 822.43,2line
438.png,99-L1 238.82,2line
439.png,59-C1 311.62,2line
440.png,65-S2 1319,2line
441.png,59-X2 354.79,2line
442.png,59-E1 047.44,2line
443.png,60-B2 361.61,2line
444.png,59-T1 569.87,2line
445.png,59-B1 346.82,2line
446.png,16-M2 6315,2line
447.png,59-M1 035.19,2line
448.png,54-X3 7676,2line
449.png,59-F1 631.86,2line
450.png,59-L2 047.75,2line
451.png,54-S1 4959,2line
452.png,59-P2 209.47,2line
453.png,59-D2 131.13,2line
454.png,59-F1 166.92,2line
455.png,59-P1 928.93,2line
456.png,59-V1 778.32,2line
457.png,60-Y7 3914,2line
458.png,53-Z1 1759,2line
459.png,59-T1 003.81,2line
461.png,85-D1 218.69,2line
462.png,60-U2 9890,2line
463.png,59-E1 295.65,2line
464.png,52-T7 6433,2line
465.png,54-U1 4469,2line
466.png,59-L1 567.20,2line
467.png,93-P1 063.12,2line
469.png,54-U2 5965,2line
470.png,59-L1 678.24,2line
471.png,79-Z1 167.92,2line
472.png,59-Y1 025.33,2line
473.png,59-C1 230.83,2line
474.png,59-H1 044.25,2line
475.png,59-C2 574.72,2line
476.png,72-H5 8794,2line
477.png,54-N9 5449,2line
478.png,59-V1 855.84,2line
479.png,59-L1 540.63,2line
480.png,59-L2 113.47,2line
482.png,79-L4 0995,2line
483.png,93-F1 264.79,2line
484.png,59-E1 641.41,2line
485.png,54-H3 5581,2line
486.png,59-T1 655.50,2line
487.png,59-T1 296.13,2line
488.png,59-Y1 925.33,2line
489.png,59-U1 452.67,2line
490.png,59-T1 555.00,2line
491.png,59-P2 131.59,2line
492.png,71-2 177.57,2line
493.png,93-E1 051.19,2line
497.png,59-D1 004.44,2line
498.png,59-V1 527.55,2line
499.png,52-Z8 327,2line
500.png,54-S2 5505,2line
501.png,71-H1 5518,2line
502.png,64-K1 043.43,2line
503.png,59-F1 685.64,2line
504.png,59-H1 549.86,2line
505.png,59-D1 462.88,2line
506.png,59-S1 394.87,2line
507.png,86-AA 010.79,2line
509.png,59-T1 023.09,2line
510.png,59-U1 517.71,2line
511.png,59-D2 171.48,2line
512.png,60-B6 280.32,2line
514.png,59-D1 673.93,2line
516.png,54-R4 7039,2line
517.png,47-N9 0859,2line
518.png,59-M1 894.04,2line
520.png,59-U1 769.47,2line
521.png,59-K1 693.23,2line
522.png,54-L5 9913,2line
523.png,59-U1 488.50,2line
524.png,54-Z2 8101,2line
525.png,59-B1 192.40,2line
526.png,59-FA 005.91,2line
527.png,59-E1 252.97,2line
528.png,49-B1 233.54,2line
529.png,59-P2 230.50,2line
530.png,59-S2 165.55,2line
531.png,59-N1 071.95,2line
532.png,51-S2 5013,2line
534.png,60-B3 345.34,2line
535.png,59-B1 349.17,2line
536.png,49-B1 453.48,2line
537.png,54-V3 8314,2line
538.png,59-V2 002.85,2line
539.png,59-B1 335.76,2line
540.png,59-X1 402.43,2line
541.png,59-Y1 547.76,2line
542.png,54-M2 5694,2line
543.png,59-Y1 732.81,2line
544.png,59-V2 436.54,2line
545.png,52-P2 0878,2line
546.png,60-F1 415.16,2line
547.png,59-M1 077.90,2line
548.png,54-S5 4463,2line
549.png,53-S3 9152,2line
550.png,66-G1 157.23,2line
551.png,54-Z3 2172,2line
552.png,59-H1 622.81,2line
553.png,59-X2 942.70,2line
554.png,59-X2 627.21,2line
555.png,86-B1 146.30,2line
556.png,66-P1 5739,2line
557.png,59-H1 547.92,2line
558.png,60-X4 6482,2line
559.png,59-F1 381.51,2line
560.png,51-D1 478.34,2line
561.png,59-C1 162.74,2line
562.png,55-X2 0010,2line
563.png,77-H6 2229,2line
565.png,59-F1 704.24,2line
566.png,49-K1 208.86,2line
567.png,81-B1 268.10,2line
568.png,52-F3 9280,2line
569.png,54-S9 2073,2line
570.png,59-S1 151.33,2line
572.png,69-D1 042.58,2line
573.png,93-B1 170.85,2line
574.png,59-X2 977.72,2line
575.png,60-C1 619.75,2line
576.png,59-S1 495.25,2line
577.png,82-B1 261.69,2line
578.png,59-S2 447.17,2line
580.png,59-U1 457.81,2line
581.png,59-F1 266.26,2line
582.png,66-H6 0786,2line
583.png,59-C2 425.04,2line
584.png,61-N4 0663,2line
586.png,60-B1 491.39,2line
587.png,59-S1 872.31,2line
588.png,59-U1 396.19,2line
589.png,62-H2 1327,2line
590.png,93-F1 249.85,2line
591.png,59-T1 605.74,2line
592.png,59-P2 147.06,2line
593.png,59-F1 584.05,2line
594.png,59-T1 797.42,2line
595.png,86-B6 087.97,2line
596.png,54-L5 1899,2line
597.png,59-D2 069.73,2line
598.png,59-F1 200.66,2line
599.png,79-N1 259.90,2line
600.png,51-S8 4605,2line
601.png,76-G1 116.49,2line
602.png,59-G1 868.95,2line
603.png,60-C2 323.01,2line
605.png,54-T5 6168,2line
607.png,55-P4 4641,2line
608.png,94-H4 1831,2line
609.png,65-X4 4850,2line
610.png,55-X8 6970,2line
611.png,54-S5 4376,2line
612.png,51-S9 3114,2line
614.png,59-T1 644.17,2line
615.png,59-B1 351.99,2line
616.png,54-Z8 8767,2line
617.png,59-E1 656.53,2line
619.png,54-F2 3213,2line
620.png,59-C2 012.08,2line
621.png,59-F1 365.64,2line
622.png,59-E1 179.36,2line
623.png,59-M1 750.12,2line
624.png,54-K3 4770,2line
625.png,59-P1 529.34,2line
626.png,59-L1 531.22,2line
627.png,59-Y1 648.31,2line
628.png,52-F4 1035,2line
629.png,59-C1 611.10,2line
630.png,59-E1 215.00,2line
631.png,59-E1 036.40,2line
632.png,59-P1 479.69,2line
633.png,60-B3 252.20,2line
634.png,59-Z1 139.30,2line
635.png,55-P2 3999,2line
636.png,54-S7 3211,2line
637.png,59-U1 780.39,2line
638.png,59-T1 510.02,2line
639.png,49-M7 1975,2line
640.png,59-H1 677.91,2line
641.png,54-S8 9169,2line
642.png,66-L1 352.24,2line
643.png,59-Z1 196.32,2line
644.png,78-G1 043.08,2line
645.png,59-S1 742.03,2line
646.png,51-H3 0234,2line
647.png,59-X1 213.94,2line
649.png,59-P1 558.11,2line
650.png,60-B8 137.05,2line
651.png,51-L1 8088,2line
652.png,78H 2348,2line
653.png,76-U1 151.78,2line
654.png,54-S5 8960,2line
655.png,71-C2 300.79,2line
656.png,59-K1 026.25,2line
657.png,60-R6 1172,2line
658.png,59-N1 537.82,2line
660.png,62-K1 095.71,2line
661.png,84-E1 263.77,2line
662.png,59-T1 279.57,2line
663.png,59-T1 744.43,2line
664.png,59-N1 014.25,2line
665.png,59-C1 324.28,2line
668.png,59-V1 840.31,2line
669.png,59-S1 554.83,2line
670.png,59-K1 130.99,2line
672.png,59-P1 337.68,2line
673.png,59-B1 251.57,2line
674.png,59-V1 924.11,2line
675.png,70-B1 471.89,2line
676.png,54-L6 9606,2line
677.png,59-X1 2194,2line
678.png,62-L1 209.95,2line
680.png,59-F1 732.70,2line
681.png,59-L1 362.61,2line
683.png,59-L1 448.02,2line
684.png,70-L1 370.96,2line
685.png,59-C1 236.82,2line
686.png,51-F8 4779,2line
687.png,77-E1 305.77,2line
688.png,50-N1 186.89,2line
689.png,54-L4 8062,2line
690.png,59-X2 965.53,2line
691.png,59-D1 494.89,2line
692.png,54-T1 9588,2line
693.png,59-T1 279.08,2line
694.png,72-K5 9221,2line
695.png,52-M9 0589,2line
696.png,51-F5 8028,2line
698.png,54-L6 4897,2line
700.png,59-H1 354.60,2line
701.png,59-P1 832.57,2line
702.png,95-G1 016.43,2line
703.png,70-B1 321.68,2line
704.png,54-S2 4522,2line
705.png,59-P2 152.70,2line
706.png,66-S1 122.39,2line
707.png,54-V8 1990,2line
708.png,59-D1 670.23,2line
709.png,59-U1 650.72,2line
710.png,60-B9 157.81,2line
711.png,54-F3 0096,2line
712.png,93-C1 020.79,2line
714.png,54-V5 8964,2line
715.png,85-8 3682,2line
716.png,59-H1 605.91,2line
717.png,55-P8 5535,2line
718.png,59-M1 818.59,2line
719.png,52-U8 4577,2line
721.png,37-H1 104.01,2line
722.png,47-C1 056.44,2line
723.png,70-SA 0367,2line
724.png,71-H8 8424,2line
725.png,59-M1 902.08,2line
726.png,59-E1 425.30,2line
727.png,59-C1 280.98,2line
728.png,59-D1 627.87,2line
729.png,86-C1 331.39,2line
730.png,59-C1 560.86,2line
731.png,79-K1 020.61,2line
732.png,61-X2 3244,2line
733.png,59-S1 006.85,2line
734.png,94-B1 195.80,2line
735.png,59-T1 464.57,2line
737.png,59-C1 005.07,2line
738.png,59-X2 683.27,2line
739.png,59-S2 544.55,2line
740.png,59-C2 048.37,2line
741.png,59-F1 188.14,2line
742.png,59-L1 877.60,2line
743.png,59-U1 591.75,2line
744.png,61-S4 0134,2line
745.png,68-LA 007.76,2line
746.png,54-L4 8348,2line
748.png,92-H1 421.07,2line
752.png,34-K2 3664,2line
753.png,59-U1 861.23,2line
756.png,59-F1 689.55,2line
757.png,55-P9 2840,2line
758.png,52-F8 6932,2line
759.png,86-B2 277.65,2line
760.png,72-K6 7070,2line
761.png,59-G1 989.07,2line
762.png,63-H4 0538,2line
763.png,62-H5 7108,2line
764.png,71-S5 7611,2line
765.png,69-C1 205.91,2line
766.png,59-F1 524.78,2line
767.png,59-E1 587.20,2line
768.png,59-G1 126.71,2line
769.png,59-C1 062.31,2line
770.png,59-K1 624.04,2line
771.png,81-H1 2204,2line
772.png,86-K4 4446,2line
773.png,59-S1 998.91,2line
774.png,76-G1 120.00,2line
775.png,54-X4 1983,2line
776.png,52-F7 3840,2line
778.png,59-X2 788.48,2line
779.png,59-L1 163.92,2line
780.png,59-X1 451.28,2line
782.png,59-T1 354.15,2line
783.png,59-F1 458.42,2line
784.png,59-N1 617.76,2line
786.png,59-V2 445.88,2line
787.png,59-C2 463.26,2line
788.png,59-E1 563.47,2line
789.png,54-L2 4264,2line
790.png,59-V1 592.30,2line
791.png,75-F1 298.30,2line
792.png,59-F1 492.71,2line
793.png,59-E1 198.03,2line
794.png,60-B8 164.55,2line
796.png,59-F1 313.16,2line
797.png,81-G1 135.56,2line
798.png,59-T1 656.71,2line
799.png,59-S2 400.65,2line
800.png,50-N1 026.54,2line
801.png,59-P1 334.58,2line
802.png,47-1 4301,2line
803.png,56-P2 5963,2line
804.png,51-F6 9090,2line
805.png,51-LD 5634,2line
806.png,60-T7 7586,2line
807.png,59-Z1 265.53,2line
808.png,85-S1 5378,2line
809.png,59-V2 082.17,2line
810.png,59-P2 297.29,2line
811.png,78-K1 006.77,2line
812.png,60-B5 238.22,2line
814.png,61-C1 614.07,2line
815.png,16-F2 6303,2line
816.png,72-L6 3974,2line
817.png,95-AA 008.39,2line
818.png,59-S2 189.04,2line
820.png,54-H4 4091,2line
821.png,59-M1 975.80,2line
822.png,79-H3 4211,2line
823.png,54-Y9 9149,2line
824.png,74-K1 5866,2line
825.png,51-S5 0082,2line
826.png,69-AB 026.73,2line
827.png,61-G1 251.22,2line
828.png,61-H5 9381,2line
829.png,79-K7 8987,2line
830.png,52-P4 9134,2line
831.png,59-T1 644.55,2line
832.png,59-F1 545.73,2line
834.png,59-F1 132.30,2line
835.png,72-C1 393.15,2line
836.png,59-H1 437.27,2line
838.png,54-F3 0667,2line
839.png,59-H1 193.74,2line
840.png,59-V1 074.73,2line
841.png,59-P1 888.47,2line
842.png,59-G1 393.57,2line
844.png,59-E1 512.07,2line
845.png,47-D1 187.16,2line
846.png,70-G1 245.52,2line
847.png,60-B2 063.70,2line
848.png,93-P1 798.67,2line
849.png,72-F1 207.41,2line
850.png,55-X8 6503,2line
851.png,59-S2 417.37,2line
852.png,47-K1 082.79,2line
853.png,59-U1 019.85,2line
854.png,59-B1 352.94,2line
855.png,59-H1 556.99,2line
856.png,59-L2 2371,2line
857.png,51-X9 4654,2line
859.png,59-F1 845.87,2line
860.png,59-P1 986.63,2line
861.png,75-H2 8428,2line
864.png,47-K2 9950,2line
865.png,59-L2 020.84,2line
866.png,49-B1 328.70,2line
867.png,59-F1 428.19,2line
868.png,59-L2 275.60,2line
869.png,70-EA 006.57,2line
870.png,59-V2 486.12,2line
872.png,59-V2 246.14,2line
873.png,59-C1 239.68,2line
874.png,68-X1 223.06,2line
875.png,49-K1 392.72,2line
876.png,72-F1 206.13,2line
877.png,59-E1 192.83,2line
880.png,59-L2 139.38,2line
882.png,77-F1 216.26,2line
883.png,55-Y1 9833,2line
884.png,86-B6 226.70,2line
885.png,69-D1 056.61,2line
886.png,82-B1 197.89,2line
887.png,59-K1 201.73,2line
888.png,59-L1 459.00,2line
889.png,59-T1 035.06,2line
890.png,59-S1 387.31,2line
891.png,55-X1 7546,2line
892.png,59-C1 136.96,2line
893.png,59-L2 063.77,2line
894.png,79-D1 158.14,2line
895.png,59-C2 459.28,2line
896.png,54-Z7 3400,2line
897.png,59-N2 720.61,2line
898.png,59-V1 833.57,2line
899.png,54-Y9 3476,2line
900.png,59-U1 393.80,2line
901.png,59-E1 283.43,2line
902.png,59-C2 440.11,2line
903.png,59-S1 448.95,2line
904.png,59-L1 499.44,2line
906.png,75-K3 0899,2line
907.png,79-N1 6788,2line
908.png,54-X4 5969,2line
909.png,59-S1 944.22,2line
911.png,54-F1 6743,2line
912.png,59-B1 408.70,2line
914.png,54-L4 2110,2line
915.png,59-P1 269.89,2line
916.png,71-S3 9276,2line
917.png,60-B5 557.23,2line
918.png,59-M1 535.61,2line
919.png,54-V7 9675,2line
922.png,59-N1 749.39,2line
923.png,54-X7 2899,2line
924.png,59-FA 009.82,2line
925.png,52-U4 0050,2line
927.png,59-D1 834.14,2line
928.png,49-E1 399.41,2line
930.png,79-N2 098.54,2line
931.png,59-L2 231.64,2line
932.png,54-F3 9952,2line
933.png,54-H1 4882,2line
934.png,59-V2 158.00,2line
935.png,36-F4 2678,2line
936.png,59-L2 294.77,2line
937.png,59-T1 608.30,2line
938.png,54-T5 4498,2line
939.png,60-B4 221.55,2line
940.png,59-P2 112.06,2line
941.png,59-C1 655.15,2line
942.png,54-P8 1515,2line
943.png,69-U1 3670,2line
944.png,63-B2 233.99,2line
945.png,59-M1 537.73,2line
946.png,16-L9 5425,2line
947.png,69-C1 007.88,2line
948.png,67-E1 054.20,2line
949.png,54-S1 6312,2line
950.png,59-U1 497.26,2line
951.png,59-C1 471.67,2line
952.png,72-C1 789.16,2line
953.png,59-S1 596.94,2line
954.png,59-P2 031.65,2line
955.png,59-F1 201.58,2line
956.png,38-Z1 0084,2line
957.png,72-E1 015.15,2line
958.png,47-C1 137.70,2line
959.png,51-Y6 7665,2line
960.png,52-H4 0234,2line
962.png,54-P4 8871,2line
963.png,62-P1 532.21,2line
964.png,54-T1 2473,2line
965.png,71-B1 445.73,2line
966.png,54-R3 9587,2line
967.png,55-P7 1233,2line
968.png,63-S2 0246,2line
969.png,59-F1 112.99,2line
970.png,56-P1 9074,2line
971.png,59-E1 134.17,2line
972.png,59-C2 562.37,2line
973.png,59-U1 932.21,2line
974.png,70-B1 551.32,2line
975.png,59-Y1 864.94,2line
976.png,59-N1 442.91,2line
977.png,43-H1 6799,2line
978.png,54-T4 6647,2line
979.png,63-B5 125.34,2line
980.png,60-B8 010.75,2line
981.png,60-C1 353.31,2line
982.png,59-L1 138.26,2line
983.png,68-X1 210.02,2line
984.png,94-K1 002.02,2line
985.png,59-T1 322.29,2line
986.png,54-P7 6117,2line
987.png,60-B3 220.83,2line
988.png,59-P2 365.11,2line
989.png,59-V1 098.69,2line
990.png,67-M2 3789,2line
991.png,55-P1 0009,2line
992.png,52-H4 8060,2line
993.png,59-C1 430.17,2line
994.png,52-Z6 7766,2line
995.png,59-U1 703.92,2line
997.png,78-H1 001.11,2line
998.png,59-N1 766.54,2line
1000.png,63-YV1 0200,2line
1001.png,59-E1 642.39,2line
1003.png,95-D8 011.79,2line
1004.png,59-U1 564.52,2line
1005.png,59-B1 338.72,2line
1007.png,86-X1 5955,2line
1008.png,54-U2 4957,2line
1009.png,86-H7 9591,2line
1010.png,67-1 083.47,2line
1011.png,59-C2 422.00,2line
1012.png,55-P5 6876,2line
1015.png,72-C1 526.93,2line
1016.png,86-B3 414.92,2line
1017.png,71-B1 113.45,2line
1019.png,59-X2 651.76,2line
1021.png,59-S1 670.82,2line
1022.png,79-N1 188.93,2line
1023.png,54-T1 1850,2line
1024.png,59-P1 293.81,2line
1026.png,51-H2 4476,2line
1027.png,51-H4 8354,2line
1028.png,37-M1 079.18,2line
1029.png,95-E1 177.63,2line
1030.png,54-F4 5279,2line
1031.png,59-Z1 272.75,2line
1032.png,55-P6 0839,2line
1033.png,63-B9 630.40,2line
1034.png,76-U1 139.38,2line
1035.png,68-H7 4213,2line
1036.png,52-F3 3586,2line
1037.png,59-U1 136.29,2line
1038.png,63-V5 0914,2line
1039.png,59-K1 438.40,2line
1041.png,59-T1 867.82,2line
1043.png,71-B1 125.22,2line
1044.png,81-G1 006.65,2line
1045.png,59-C2 443.33,2line
1047.png,62-N1 369.34,2line
1048.png,59-U1 114.44,2line
1049.png,52-U7 8693,2line
1050.png,59-M1 876.68,2line
1051.png,59-L1 974.57,2line
1053.png,59-V1 587.23,2line
1055.png,77-F1 284.72,2line
1056.png,52-F3 7458,2line
1058.png,61-C1 226.09,2line
1059.png,54-V8 5033,2line
1060.png,59-L1 785.82,2line
1061.png,59-P2 111.79,2line
1062.png,59-U1 843.66,2line
1063.png,54-L5 5031,2line
1064.png,54-H3 3457,2line
1065.png,29-D1 635.16,2line
1067.png,54-P7 3985,2line
1068.png,59-C2 210.98,2line
1069.png,47-R1 2443,2line
1070.png,51-Z3 0606,2line
1071.png,59-E1 328.86,2line
1073.png,59-S2 323.86,2line
1074.png,86-B3 404.30,2line
1075.png,59-C1 131.83,2line
1077.png,71-B2 513.18,2line
1079.png,59-N1 760.49,2line
1080.png,59-X2 551.50,2line
1083.png,59-P1 393.55,2line
1084.png,64-Z1 2383,2line
1085.png,59-H1 563.90,2line
1087.png,59-M1 541.92,2line
1088.png,51-L3 2640,2line
1090.png,59-S1 178.16,2line
1091.png,59-C2 274.15,2line
1092.png,59-C1 399.16,2line
1093.png,47-B1 998.64,2line
1094.png,77-D1 129.38,2line
1096.png,59-X1 360.52,2line
1097.png,67-B1 085.05,2line
1098.png,59-S2 470.61,2line
1099.png,59-U1 555.29,2line
1100.png,59-E1 492.85,2line
1102.png,59-S1 634.97,2line
1103.png,66-S1 090.18,2line
1104.png,59-Y1 584.47,2line
1105.png,59-S1 103.93,2line
1107.png,59-P2 342.76,2line
1108.png,53-V4 8609,2line
1110.png,54-P8 3069,2line
1112.png,59-E1 659.03,2line
1113.png,59-T1 239.77,2line
1114.png,59-T1 857.17,2line
1115.png,59-K1 865.59,2line
1116.png,59-P2 239.30,2line
1118.png,51-R4 2488,2line
1119.png,54-R1 1147,2line
1120.png,77-L1 373.72,2line
1121.png,59-L2 237.14,2line
1122.png,59-E1 628.47,2line
1123.png,59-K1 144.68,2line
1124.png,59-M1 973.72,2line
1125.png,61-C1 527.87,2line
1126.png,59-F1 752.91,2line
1127.png,54-L5 3444,2line
1128.png,55-P8 9613,2line
1129.png,59-V2 465.89,2line
1130.png,43-S6 0133,2line
1132.png,59-F1 547.19,2line
1133.png,59-X2 671.78,2line
1134.png,67-E1 066.61,2line
1136.png,59-U1 622.31,2line
1137.png,53-S7 7589,2line
1138.png,59-U1 254.18,2line
1140.png,59-X2 564.62,2line
1141.png,59-L1 165.11,2line
1142.png,59-P1 717.56,2line
1143.png,59-C2 118.94,2line
1145.png,54-Y8 8280,2line
1147.png,59-S1 098.41,2line
1148.png,59-F1 147.60,2line
1149.png,59-S1 783.84,2line
1150.png,85-D1 059.60,2line
1151.png,73-G1 175.44,2line
1152.png,60-B7 366.38,2line
1153.png,51-L3 4827,2line
1154.png,47-D1 172.37,2line
1155.png,59-X2 751.98,2line
1156.png,59-U1 092.78,2line
1157.png,59-P1 947.51,2line
1158.png,29-B1 105.59,2line
1159.png,59-L1 387.65,2line
1160.png,59-V2 083.41,2line
1161.png,59-P2 110.73,2line
1162.png,49-K1 271.44,2line
1163.png,59-K1 569.58,2line
1164.png,54-R3 0018,2line
1165.png,59-V2 144.65,2line
1166.png,59-A3 080.11,2line
1167.png,60-P7 1246,2line
1168.png,59-H1 609.19,2line
1169.png,71-H1 9657,2line
1170.png,48F 1856,2line
1171.png,71-B2 726.34,2line
1172.png,59-K1 852.50,2line
1173.png,77-H1 190.25,2line
1174.png,59-L1 607.78,2line
1175.png,64-D1 218.88,2line
1176.png,59-F1 085.01,2line
1177.png,52-T7 2746,2line
1178.png,59-P1 244.97,2line
1179.png,52-F6 4378,2line
1180.png,59-M1 563.78,2line
1181.png,59-D1 433.91,2line
1182.png,52-Y3 5969,2line
1183.png,62-S3 5031,2line
1185.png,77-C1 226.97,2line
1186.png,59-L1 180.44,2line
1187.png,59-C1 305.43,2line
1188.png,55-P8 4339,2line
1189.png,79-H5 7630,2line
1190.png,54-K4 8147,2line
1191.png,63-B4 369.20,2line
1193.png,59-T1 036.17,2line
1194.png,59-F1 293.46,2line
1195.png,59-U1 744.90,2line
1196.png,59-M1 909.77,2line
1197.png,60-B2 369.12,2line
1198.png,59-T1 554.17,2line
1199.png,59-H1 542.89,2line
1200.png,54-T2 0810,2line
1201.png,59-N1 933.05,2line
1202.png,54-T3 6239,2line
1204.png,59-N1 005.69,2line
1205.png,72-L8 6035,2line
1206.png,54-L3 9902,2line
1207.png,59-C2 324.77,2line
1208.png,59-G1 336.71,2line
1209.png,63-B3 469.05,2line
1210.png,59-S2 206.17,2line
1212.png,67-L1 335.25,2line
1213.png,78-N2 5941,2line
1217.png,78-C1 194.55,2line
1218.png,60-B5 585.83,2line
1219.png,71-C2 365.63,2line
1220.png,59-M1 975.82,2line
1221.png,54-U4 6484,2line
1222.png,59-K1 642.27,2line
1223.png,59-S1 595.59,2line
1225.png,53-X6 6011,2line
1226.png,59-T1 814.39,2line
1227.png,59-S2 119.98,2line
1228.png,83-C1 222.34,2line
1229.png,59-V1 553.20,2line
1231.png,54-N5 6409,2line
1232.png,59-U1 746.75,2line
1234.png,59-S2 452.75,2line
1235.png,59-F1 251.23,2line
1236.png,59-M1 944.58,2line
1237.png,64-C1 042.62,2line
1238.png,59-P2 249.79,2line
1239.png,59-B1 221.19,2line
1240.png,59-C1 497.44,2line
1241.png,54-L4 2443,2line
1242.png,43-S2 6463,2line
1243.png,59-D2 172.44,2line
1244.png,67-B1 818.46,2line
1245.png,66-N6 5519,2line
1246.png,59-F1 184.61,2line
1247.png,60-F1 506.70,2line
1248.png,59-V2 348.15,2line
1250.png,47-AB 559.99,2line
1251.png,59-T1 289.66,2line
1252.png,65-U2 4787,2line
1254.png,47-H7 5226,2line
1255.png,59-U1 742.83,2line
1258.png,83-P1 996.96,2line
1259.png,59-S2 149.40,2line
1260.png,59-D2 064.28,2line
1261.png,59-C1 428.18,2line
1262.png,71-B2 177.57,2line
1263.png,59-D1 982.76,2line
1264.png,47-M7 4206,2line
1266.png,51-K2 1103,2line
1268.png,59-F1 035.68,2line
1269.png,59-D1 063.99,2line
1270.png,59-V1 914.60,2line
1271.png,55-P4 8426,2line
1272.png,54-V6 6004,2line
1273.png,71-S5 5600,2line
1274.png,59-K1 965.91,2line
1277.png,59-K1 440.76,2line
1278.png,55-X8 2215,2line
1279.png,60-B5 625.83,2line
1280.png,60-B1 040.34,2line
1281.png,47-N6 9618,2line
1282.png,59-M1 707.91,2line
1283.png,49-K1 388.86,2line
1284.png,59-A3 086.42,2line
1285.png,59-L2 273.45,2line
1287.png,59-T1 554.24,2line
1288.png,59-F1 030.55,2line
1289.png,76-K3 3694,2line
1290.png,54-S8 8080,2line
1291.png,59-T1 536.68,2line
1292.png,59-H1 194.66,2line
1293.png,59-F1 714.78,2line
1294.png,59-P1 871.49,2line
1295.png,77-X6 9544,2line
1296.png,76-H1 061.61,2line
1297.png,59-N2 437.56,2line
1298.png,68-K4 9407,2line
1299.png,86-C1 072.61,2line
1300.png,59-S1 311.97,2line
1301.png,49-E1 153.83,2line
1302.png,59-C2 456.33,2line
1303.png,59-T1 661.53,2line
1304.png,59-S2 015.72,2line
1306.png,59-C1 287.40,2line
1307.png,50-N1 074.28,2line
1309.png,59-E1 645.16,2line
1311.png,51-F9 1341,2line
1312.png,59-E1 582.84,2line
1313.png,59-T1 561.50,2line
1314.png,86-B6 246.82,2line
1315.png,66-K1 206.70,2line
1316.png,59-F1 123.29,2line
1317.png,59-M1 118.11,2line
1318.png,59-T1 461.01,2line
1319.png,66-P1 5967,2line
1321.png,16-P9 6204,2line
1322.png,59-P1 972.55,2line
1323.png,63-H2 7326,2line
1325.png,72-T2 8629,2line
1326.png,51-H3 6696,2line
1327.png,59-M1 060.28,2line
1329.png,59-T1 772.07,2line
1330.png,59-S2 352.05,2line
1332.png,59-H1 528.50,2line
1333.png,83-P2 131.73,2line
1335.png,59-D1 202.55,2line
1336.png,59-D1 669.74,2line
1337.png,59-F1 474.04,2line
1339.png,67-N1 208.86,2line
1340.png,51-U7 4598,2line
1341.png,59-U1 202.74,2line
1343.png,51-L7 4255,2line
1345.png,72-K1 089.89,2line
1347.png,59-H1 330.46,2line
1349.png,81-B1 613.86,2line
1351.png,51-R5 2701,2line
1353.png,72-H7 3227,2line
1354.png,59-P1 526.39,2line
1355.png,59-L2 115.00,2line
1356.png,84-L1 325.47,2line
1357.png,59-C2 492.00,2line
1358.png,59-L2 324.73,2line
1359.png,59-U1 797.51,2line
1360.png,59-C1 496.84,2line
1361.png,69-F2 2140,2line
1362.png,49-B1 208.07,2line
1363.png,54-V1 4819,2line
1364.png,68-F5 5727,2line
1365.png,51-L3 8385,2line
1366.png,54-T1 5417,2line
1367.png,59-VA 008.43,2line
1368.png,71-F5 2321,2line
1369.png,72-L2 1703,2line
1370.png,59-F1 075.09,2line
1372.png,59-T1 466.85,2line
1373.png,59-S1 757.15,2line
1375.png,66-L3 6400,2line
1376.png,59-C2 593.32,2line
1377.png,61-B1 365.88,2line
1378.png,63-B2 227.94,2line
1380.png,29-B1 227.01,2line
1381.png,53-S6 2722,2line
1382.png,84-L1 272.71,2line
1384.png,59-C1 058.99,2line
1385.png,59-L1 064.58,2line
1386.png,76-V6 3429,2line
1388.png,59-S1 682.87,2line
1390.png,63-B2 163.53,2line
1392.png,54-T1 6084,2line
1393.png,47-N7 6992,2line
1394.png,59-X1 493.69,2line
1395.png,47-L1 099.77,2line
1396.png,72-H1 173.59,2line
1397.png,59-S1 957.62,2line
1398.png,63-B7 033.23,2line
1399.png,59-F1 497.59,2line
1400.png,60-B3 378.46,2line
1401.png,59-D1 088.61,2line
1402.png,59-U1 515.95,2line
1403.png,77-G1 257.59,2line
1404.png,59-H1 468.28,2line
1405.png,59-K1 406.50,2line
1406.png,59-F1 561.29,2line
1407.png,61-D1 079.11,2line
1408.png,51-R3 2161,2line
1410.png,59-M1 714.43,2line
1411.png,51-S6 3577,2line
1413.png,59-Y2 767.96,2line
1414.png,59-X2 814.67,2line
1417.png,59-U1 849.00,2line
1418.png,71-B2 898.37,2line
1420.png,50-DC 3878,2line
1422.png,60-B5 118.27,2line
1423.png,59-G1 152.55,2line
1424.png,59-C1 707.73,2line
1425.png,59-C1 677.90,2line
1426.png,62-N1 327.46,2line
1427.png,59-D1 782.62,2line
1428.png,54-S1 6830,2line
1429.png,86-C1 475.15,2line
1430.png,92-N1 030.03,2line
1431.png,22-H5 1198,2line
1433.png,50-KA 5535,2line
1434.png,55-P6 7093,2line
1435.png,54-T4 0987,2line
1436.png,59-X2 361.67,2line
1437.png,59-M1 608.86,2line
1438.png,59-Y1 423.23,2line
1439.png,59-X1 564.19,2line
1440.png,59-Z2 027.68,2line
1441.png,51-R3 0737,2line
1443.png,54-S5 0882,2line
1444.png,59-S1 318.86,2line
1445.png,59-V1 677.47,2line
1448.png,59-M1 974.89,2line
1449.png,59-H1 525.76,2line
1450.png,54-S9 0621,2line
1451.png,59-C2 506.21,2line
1452.png,83-H6 6954,2line
1453.png,62-K8 5607,2line
1454.png,59-E1 086.70,2line
1455.png,59-S2 288.34,2line
1456.png,54-S1 3034,2line
1457.png,52-X4 7344,2line
1459.png,59-T1 183.62,2line
1461.png,59-V1 715.41,2line
1463.png,51-L7 3998,2line
1464.png,59-C2 316.01,2line
1465.png,59-F1 140.64,2line
1466.png,59-U1 918.97,2line
1467.png,59-P2 111.20,2line
1468.png,54-2 4924,2line
1469.png,59-H1 467.04,2line
1470.png,81-U1 002.76,2line
1471.png,61-B1 313.45,2line
1472.png,59-S2 400.17,2line
1473.png,59-X1 328.17,2line
1474.png,79-Z1 101.84,2line
1476.png,59-V2 187.44,2line
1479.png,59-T1 202.43,2line
1480.png,59-V1 877.54,2line
1483.png,59-C1 539.93,2line
1485.png,85-F1 149.27,2line
1487.png,59-F1 098.65,2line
1488.png,59-V1 533.10,2line
1489.png,59-T1 927.15,2line
1490.png,59-E1 707.62,2line
1492.png,52-S2 4832,2line
1494.png,59-U1 777.92,2line
1495.png,59-P1 631.38,2line
1496.png,70-G1 135.09,2line
1497.png,61-D1 006.26,2line
1498.png,59-P1 128.75,2line
1499.png,59-T1 540.49,2line
1500.png,59-E1 080.58,2line
1501.png,67-L1 066.69,2line
1502.png,59-TA 003.29,2line
1504.png,59-P2 019.20,2line
1505.png,79-H5 8812,2line
1506.png,59-E1 129.03,2line
1507.png,54-U4 4199,2line
1508.png,82-H1 088.66,2line
1509.png,77-X4 6391,2line
1510.png,63-B1 320.04,2line
1511.png,59-G1 858.20,2line
1512.png,59-H1 321.22,2line
1514.png,53-Z2 3502,2line
1517.png,71-C2 321.49,2line
1518.png,51-H2 2933,2line
1519.png,94-E1 193.17,2line
1520.png,60-B2 235.67,2line
1521.png,59-S1 916.67,2line
1522.png,59-H1 0571,2line
1523.png,59-X1 602.10,2line
1525.png,59-P1 857.00,2line
1526.png,62-AP 002.70,2line
1527.png,59-T1 014.39,2line
1530.png,59-S1 148.83,2line
1531.png,59-B1 015.54,2line
1532.png,79-N1 605.29,2line
1534.png,54-S1 9755,2line
1535.png,59-L1 810.06,2line
1537.png,59-V1 881.14,2line
1538.png,77-M6 3369,2line
1539.png,59-E1 708.50,2line
1541.png,59-P2 231.03,2line
1542.png,86-B6 218.90,2line
1543.png,51-L3 3664,2line
1544.png,51-U8 3423,2line
1545.png,59-T1 221.89,2line
1547.png,59-N1 871.73,2line
1551.png,59-X1 495.73,2line
1552.png,52-K3 8683,2line
1554.png,54-P2 8057,2line
1555.png,39-F1 5014,2line
1557.png,59-U1 3868,2line
1559.png,50-T2 7594,2line
1560.png,92-L8 7156,2line
1561.png,59-L1 979.98,2line
1563.png,51-V4 4579,2line
1564.png,49-L1 012.41,2line
1565.png,59-P1 179.80,2line
1566.png,93-K1 140.05,2line
1568.png,54-F2 4106,2line
1570.png,59-K1 992.17,2line
1571.png,59-X2 910.11,2line
1572.png,52-S3 7078,2line
1573.png,71-B1 979.14,2line
1574.png,67-C1 053.55,2line
1575.png,59-S1 418.03,2line
1576.png,59-L1 591.50,2line
1577.png,59-T1 272.42,2line
1578.png,60-F1 404.94,2line
1579.png,59-T1 116.92,2line
1581.png,49-L1 044.56,2line
1582.png,52-U4 9980,2line
1583.png,59-S1 746.13,2line
1584.png,59-S2 129.78,2line
1586.png,70-P1 5900,2line
1587.png,52-T7 4640,2line
1588.png,59-D1 502.16,2line
1589.png,59-F1 599.97,2line
1592.png,59-K2 012.24,2line
1593.png,29-C1 209.02,2line
1594.png,68-N1 081.17,2line
1595.png,64-K4 7483,2line
1596.png,54-U5 1223,2line
1597.png,59-P1 789.99,2line
1598.png,52-P2 8146,2line
1599.png,54-U5 7119,2line
1600.png,59-U1 576.74,2line
1601.png,51-3 2161,2line
1603.png,94-D1 047.71,2line
1604.png,54-X4 5335,2line
1605.png,59-G1 615.90,2line
1606.png,52-H9 9892,2line
1607.png,52-F3 1770,2line
1608.png,59-P1 897.39,2line
1609.png,52-F3 8889,2line
1610.png,59-P1 331.63,2line
1612.png,59-M1 364.52,2line
1613.png,59-T1 385.06,2line
1614.png,59-M1 884.18,2line
1615.png,61-H1 091.39,2line
1616.png,51-H3 0809,2line
1617.png,59-F1 750.31,2line
1619.png,72-X1 8179,2line
1620.png,59-F1 167.11,2line
1621.png,59-Y1 602.71,2line
1622.png,51-S9 1699,2line
1623.png,59-X2 679.51,2line
1624.png,59-K1 840.15,2line
1625.png,71-C2 364.23,2line
1626.png,59-T1 148.60,2line
1628.png,59-B1 339.68,2line
1629.png,84-K3 4900,2line
1630.png,59-U1 399.97,2line
1631.png,59-N2 314.28,2line
1632.png,59-S2 303.19,2line
1633.png,59-Y1 446.65,2line
1634.png,49-B1 031.26,2line
1635.png,76-G1 226.07,2line
1636.png,77-L1 008.95,2line
1637.png,53-R8 8556,2line
1638.png,59-V2 216.04,2line
1639.png,59-P1 860.84,2line
1640.png,60-B8 499.28,2line
1641.png,63-B9 292.19,2line
1642.png,56-P1 6734,2line
1643.png,59-C1 247.85,2line
1645.png,59-E1 705.35,2line
1647.png,59-L1 002.46,2line
1648.png,59-F1 238.65,2line
1649.png,59-P1 255.12,2line
1650.png,79-D1 077.05,2line
1652.png,60-B5 314.02,2line
1653.png,65-H9 0714,2line
1654.png,67-M5 9687,2line
1655.png,51-M2 1890,2line
1657.png,59-F1 651.71,2line
1658.png,59-S1 062.41,2line
1659.png,55-P4 8831,2line
1661.png,72-F1 355.07,2line
1663.png,59-V1 227.09,2line
1664.png,59-H1 477.51,2line
1665.png,54-P4 6793,2line
1666.png,50-H8B 2282,2line
1667.png,79-T2 6658,2line
1668.png,59-D1 019.78,2line
1669.png,92-D1 427.05,2line
1670.png,59-G1 876.71,2line
1671.png,59-C1 309.23,2line
1672.png,69-U1 204.15,2line
1673.png,53-V3 5614,2line
1676.png,54-V1 5558,2line
1677.png,53-R5 0201,2line
1679.png,77-F1 253.89,2line
1680.png,84-L1 314.08,2line
1682.png,59-V1 597.16,2line
1683.png,79-N1 791.17,2line
1684.png,51-H2 3397,2line
1685.png,54-U5 7406,2line
1688.png,30-N4 5882,2line
1689.png,59-E1 183.10,2line
1692.png,59-M1 614.06,2line
1694.png,83-P2 414.57,2line
1695.png,54-V7 8344,2line
1697.png,49-P1 0580,2line
1698.png,59-U1 729.79,2line
1699.png,61-B1 618.78,2line
1701.png,72-L9 3441,2line
1702.png,72-C1 709.89,2line
1703.png,55-P8 1120,2line
1704.png,62-M1 361.69,2line
1706.png,60-B7 115.57,2line
1707.png,59-M1 470.96,2line
1709.png,52-U8 3666,2line
1710.png,59-T1 848.07,2line
1711.png,60-Y2 2445,2line
1712.png,59-F1 095.96,2line
1713.png,54-Z1 2997,2line
1715.png,51-V2 3974,2line
1716.png,51-L8 2105,2line
1718.png,59-S2 084.18,2line
1719.png,59-H1 406.39,2line
1723.png,54-H2 5463,2line
1724.png,51-H4 9707,2line
1726.png,55-P6 2004,2line
1727.png,53-V9 7976,2line
1729.png,59-N1 000.18,2line
1730.png,78-D1 084.69,2line
1731.png,54-Z8 7524,2line
1732.png,85-D1 016.11,2line
1733.png,59-H1 412.96,2line
1735.png,51-H5 8092,2line
1736.png,72-C1 050.18,2line
1737.png,78-C1 147.48,2line
1739.png,51-M2 1719,2line
1740.png,79-MN2 2094,2line
1742.png,59-V2 042.12,2line
1743.png,37-E1 191.45,2line
1745.png,51-Z7 4533,2line
1746.png,72-D1 086.82,2line
1747.png,59-V1 891.58,2line
1748.png,63-Y1 0200,2line
1749.png,59-C1 559.80,2line
1750.png,89A-159.61,1line
1751.png,"29H 354,47",2line
1752.png,30A-180.36,1line
1753.png,30F 035.23,2line
1754.png,30E-743.23,1line
1755.png,29A 224.43,2line
1756.png,30M-4703,1line
1757.png,30A 625.39,2line
1758.png,30G-470.36,1line
1759.png,14A-434.41,1line
1760.png,29A-420.50,1line
1761.png,89A 159.73,2line
1762.png,29A 066.69,2line
1763.png,29A 605.13,2line
1764.png,30F-743.38,1line
1765.png,30G 582.36,2line
1766.png,90A 090.54,2line
1767.png,30A-049.26,1line
1768.png,29H-152.07,1line
1769.png,30M-4253,1line
1770.png,30F-322.45,1line
1771.png,30E 398.14,2line
1772.png,30F-659.39,1line
1773.png,30F-935.91,1line
1775.png,30G 516.24,2line
1777.png,30A-440.35,1line
1778.png,30E 662.66,1line
1781.png,30G-254.95,1line
1782.png,50Z 6788,2line
1783.png,30G- 039.47,1line
1784.png,30A-261.44,1line
1790.png,30G-411.71,1line
1791.png,29V-1910,1line
1792.png,30F-547.45,1line
1794.png,29H-238.55,1line
1795.png,30E-197.52,1line
1796.png,29C-227.76,1line
1797.png,30F 5204,2line
1801.png,89A-073.94,1line
1803.png,30A-711.03,1line
1804.png,89C 134.97,2line
1805.png,29C-825.06,1line
1806.png,89LD-002.75,1line
1807.png,30E-438.43,1line
1808.png,36A 014.18,2line
1809.png,30A-575.99,1line
1810.png,89A-073.79,1line
1811.png,30E-130.28,1line
1813.png,20A-030.38,1line
1815.png,30G-111.55,1line
1816.png,30V 8692,2line
1817.png,30E 858.86,2line
1819.png,51F 869.47,2line
1820.png,30E-435.02,1line
1822.png,89A-069.32,1line
1823.png,29A-224.43,1line
1824.png,30E 979.74,2line
1825.png,89A 103.41,2line
1826.png,89A 123.27,2line
1827.png,30F 782.86,2line
1828.png,29Z-99B66,2line
1829.png,15A-006.35,1line
1830.png,30A-583.73,1line
1831.png,24D-000.82,2line
1832.png,30A 926.45,2line
1833.png,30E-121.76,1line
1834.png,30F 563.30,2line
1836.png,30G-489.17,1line
1837.png,30F-325.98,1line
1838.png,34A-204.77,1line
1840.png,36A-014.18,1line
1841.png,29A-605.13,1line
1843.png,89A-200.61,1line
1844.png,30E 021.41,2line
1845.png,29C-640.38,1line
1846.png,30A-604.34,1line
1848.png,30F 880.13,2line
1849.png,99A-332.54,1line
1851.png,88LD-007.57,1line
1852.png,29D-095.66,1line
1854.png,30A 719.80,2line
1855.png,89A 077.58,2line
1856.png,30F-749.05,1line
1857.png,30F 709.24,1line
1858.png,29A 095.86,2line
1860.png,29C-652.27,1line
1861.png,56S-0009,1line
1862.png,89A-104.29,1line
1863.png,30G 550.31,2line
1864.png,30A-444.82,1line
1866.png,30A 744.91,2line
1867.png,30F-729.28,1line
1868.png,30F-207.84,1line
1869.png,30F-359.39,1line
1870.png,29H 035.60,2line
1871.png,30A 711.03,2line
1872.png,30E-476.62,1line
1873.png,29A-651.69,2line
1876.png,20A 298.79,2line
1877.png,51G-529.11,1line
1879.png,98A-298.14,1line
1881.png,30A-884.59,1line
1884.png,80G-039.16,1line
1885.png,30G 297.50,1line
1886.png,30F 264.49,2line
1887.png,99A-364.56,1line
1889.png,30F 256.97,2line
1891.png,30F 075.55,2line
1892.png,30F-320.80,1line
1893.png,30A-620.43,1line
1894.png,30A-638.39,1line
1895.png,29D 095.66,2line
1896.png,29A 368.15,2line
1897.png,89A 157.17,2line
1898.png,30F-504.83,1line
1899.png,30E-066.18,1line
1900.png,26A-001.64,2line
1901.png,36A 041.04,2line
1902.png,30A-328.67,1line
1903.png,30E 773.79,1line
1906.png,30E-938.15,1line
1907.png,30F-326.65,2line
1908.png,30A-970.61,1line
1909.png,30A 968.05,2line
1910.png,30E 506.92,2line
1912.png,30A-402.93,2line
1914.png,30G-433.42,1line
1915.png,30G-329.55,2line
1916.png,29A-953.94,1line
1917.png,30F-275.80,1line
1918.png,29A-294.41,1line
1919.png,35A-108.19,1line
1920.png,30E 502.07,2line
1922.png,30E 610.11,2line
1923.png,30E-964.16,1line
1925.png,30F 514.43,2line
1927.png,30E 523.74,2line
1928.png,30G 464.37,2line
1929.png,14A-092.90,1line
1931.png,30E 635.63,2line
1932.png,30A-375.19,1line
1933.png,30E-890.23,1line
1934.png,29A-719.90,1line
1935.png,30G-372.13,2line
1936.png,30A-234.51,1line
1938.png,30F 112.92,2line
1939.png,51G 943.03,2line
1940.png,30A 339.49,2line
1942.png,30F 152.92,2line
1944.png,51A-005.30,1line
1945.png,30F-905.40,1line
1946.png,30A-467.48,1line
1948.png,89A 073.79,2line
1949.png,29A-258.85,1line
1950.png,30F 768.09,2line
1952.png,30A 058.57,2line
1954.png,30A 056.84,2line
1955.png,30F-441.01,1line
1956.png,30G-018.66,1line
1960.png,30E-199.03,1line
1961.png,29C-818.39,1line
1963.png,30E-860.44,2line
1964.png,29A-467.91,1line
1965.png,89A 123.88,2line
1966.png,36A 256.49,2line
1967.png,30E-773.79,1line
1968.png,30G 479.26,2line
1969.png,30G 034.74,2line
1972.png,30E 601.23,2line
1973.png,98A 173.39,2line
1975.png,89A 200.61,1line
1976.png,29A-928.39,2line
1978.png,30F-326.59,1line
1979.png,30A-041.80,1line
1981.png,30G 532.79,2line
1985.png,30E-755.31,1line
1986.png,30A 783.40,2line
1989.png,98A-134.67,1line
1990.png,30A-111.11,1line
1991.png,30F-658.47,1line
1992.png,89A-178.88,1line
1993.png,30F-072.27,1line
1999.png,30E-495.36,1line
2000.png,30E-976.62,1line
2002.png,30E 712.24,2line
2003.png,30F 991.27,2line
2004.png,30F 795.15,2line
2005.png,99A 104.32,2line
2006.png,30E 637.85,2line
2007.png,30G-196.63,1line
2008.png,30A-594.64,2line
2009.png,30E 435.02,2line
2011.png,21A-085.31,1line
2013.png,30G-191.85,1line
2014.png,89A-138.64,1line
2016.png,89C 195.99,2line
2018.png,30F-215.10,1line
2019.png,29C-666.26,1line
2022.png,88A-230.16,2line
2023.png,30G-104.28,1line
2024.png,30G-367.15,1line
2025.png,89A 069.32,2line
2026.png,30F-701.92,1line
2027.png,30G-413.59,2line
2029.png,24A 159.35,1line
2032.png,29A 293.59,2line
2033.png,89A 110.39,2line
2034.png,30A-699.19,1line
2036.png,30F 701.92,2line
2037.png,26A-082.11,1line
2038.png,29D-056.85,1line
2039.png,30G 199.09,2line
2042.png,30A-701.90,2line
2044.png,30A 496.89,2line
2045.png,29C-735.87,1line
2048.png,88A-144.36,1line
2049.png,29D 087.22,2line
2050.png,98A 328.02,2line
2051.png,30F-089.31,2line
2052.png,29A-604.32,1line
2053.png,29A 258.85,2line
2058.png,30A 807.44,2line
2061.png,29A-977.01,1line
2065.png,14A-250.74,1line
2066.png,30F 659.46,2line
2067.png,29A 912.09,2line
2068.png,30F 715.78,2line
2070.png,29Z-1452,2line
2071.png,30F-326.43,1line
2073.png,30A 975.71,2line
2074.png,30F-461.89,1line
2075.png,34C 224.96,2line
2076.png,30A-761.21,1line
2077.png,30A 261.44,2line
2078.png,14A 092.90,2line
2079.png,30F-362.53,1line
2080.png,29C 702.56,2line
2082.png,19A 085.64,2line
2083.png,29A 735.70,1line
2084.png,30A 328.67,2line
2085.png,30S-0426,1line
2086.png,30E 661.22,2line
2089.png,30G-094.83,1line
2090.png,30F-573.31,2line
2091.png,30F-204.49,1line
2093.png,30F 501.67,2line
2094.png,89A 097.30,2line
2095.png,30A-682.51,1line
2096.png,98A-173.39,1line
2097.png,29A-362.57,1line
2098.png,30A 521.86,2line
2099.png,30F 445.80,2line
2100.png,29H 404.33,2line
2101.png,88A-080.79,1line
2103.png,30E 049.14,2line
2104.png,30F-196.43,1line
2106.png,89LD 002.75,2line
2107.png,30F-860.34,1line
2108.png,30E 774.08,2line
2111.png,30F 329.51,2line
2113.png,30E-387.21,1line
2114.png,89LD 005.46,2line
2115.png,19N-1866,1line
2117.png,15A 065.96,2line
2120.png,30G 614.62,2line
2122.png,29H 067.37,2line
2125.png,30E-238.71,1line
2126.png,29C 677.98,2line
2131.png,30Z 8657,2line
2133.png,30G 441.67,2line
2134.png,30G-403.04,1line
2136.png,30A 265.83,2line
2139.png,30G 215.92,2line
2141.png,30A-338.33,1line
2142.png,30F-715.78,2line
2143.png,99A-187.66,1line
2144.png,30A-988.46,1line
2147.png,89A-112.97,1line
2148.png,30F-103.17,1line
2149.png,30F 490.56,2line
2151.png,29H 020.42,2line
2155.png,30F 361.27,2line
2156.png,30A-051.97,1line
2159.png,29C 660.73,2line
2163.png,30A-992.79,1line
2164.png,29H-128.91,2line
2165.png,29A 339.28,2line
2169.png,30E 344.22,2line
2172.png,30E-945.15,1line
2174.png,30G 542.01,2line
2175.png,30G-363.36,1line
2177.png,29A-258.08,1line
2179.png,89A-109.93,1line
2180.png,30A 38286,2line
2183.png,89A 155.30,2line
2184.png,30G-163.80,1line
2185.png,30A-711.79,1line
2187.png,29A-983.66,1line
2189.png,30F 196.43,2line
2190.png,30E-909.55,1line
2192.png,29A 680.05,2line
2195.png,30E-720.66,2line
2196.png,30F-256.97,1line
2197.png,30E-052.07,1line
2198.png,30F-219.50,1line
2199.png,30F-711.65,1line
2200.png,30G 018.66,2line
2201.png,29H 077.16,2line
2202.png,30E 902.57,2line
2206.png,30F 516.95,2line
2210.png,29A-609.86,1line
2212.png,34A 358.51,2line
2213.png,99A 124.97,2line
2217.png,29H 070.62,2line
2220.png,15A-065.96,1line
2221.png,30E981.31,2line
2223.png,89A-155.30,2line
2225.png,30A 952.05,2line
2226.png,30A- 611.53,2line
2227.png,30G 566.95,1line
2228.png,30F 609.47,2line
2229.png,30E 715.83,2line
2230.png,30G-315.53,1line
2234.png,29D-514.11,1line
2235.png,62A 026.36,2line
2236.png,30F-189.76,2line
2238.png,30G-464.37,1line
2239.png,89A 159.39,2line
2244.png,30F-970.25,1line
2249.png,30F-704.42,1line
2253.png,30A-029.65,1line
2254.png,30N-7921,1line
2255.png,30F-911.49,1line
2259.png,30G-468.85,1line
2260.png,30G-257.94,1line
2262.png,30G 621.07,2line
2265.png,30G 590.68,2line
2266.png,29H-150.79,1line
2267.png,30G 610.86,2line
2268.png,30E-643.79,1line
2269.png,30F-990.15,1line
2270.png,89A-139.62,1line
2274.png,29A-049.99,1line
2276.png,30E-207.01,1line
2279.png,29A 440.39,2line
2283.png,29H 129.97,2line
2285.png,29A-779.98,1line
2286.png,30G-439.12,1line
2289.png,30G 612.39,2line
2291.png,29D-024.74,1line
2292.png,29A-465.11,1line
2294.png,30E 911.77,2line
2295.png,30F-943.76,1line
2297.png,30G 227.21,2line
2299.png,30A-767.91,1line
2301.png,30F-864.04,1line
2303.png,30F-524.56,2line
2305.png,89A-185.77,1line
2308.png,34A 315.06,2line
2310.png,30G-411.59,1line
2312.png,89A 214.13,2line
2314.png,29A 261.28,2line
2316.png,30F 578.08,2line
2317.png,30A-178.31,1line
2318.png,29A-440.39,1line
2320.png,30E 144.99,2line
2323.png,29D-078.81,1line
2324.png,29A 325.10,2line
2327.png,30F-936.44,1line
2328.png,29U 3763,2line
2329.png,29A-023.43,1line
2330.png,89A 147.23,2line
2334.png,30E-293.28,1line
2340.png,29V-6767,1line
2341.png,34A-318.25,1line
2342.png,30E-666.84,1line
2344.png,30F-926.19,1line
2345.png,89A-196.40,1line
2351.png,29H-067.37,1line
2355.png,51C-973.63,1line
2356.png,36A-490.52,1line
2358.png,30F-546.59,1line
2361.png,30Z-1040,1line
2363.png,99A-104.32,1line
2366.png,29A-463.19,1line
2368.png,36A-256.49,1line
2369.png,98A-328.02,1line
2376.png,30F 458.65,2line
2378.png,30E 035.23,2line
2380.png,30F-952.80,1line
2384.png,89A-088.24,1line
2385.png,90A-077.18,1line
2387.png,15A-168.71,1line
2388.png,30S-2639,1line
2390.png,30E-762.26,1line
2391.png,30F-689.47,1line
2392.png,30A 682.51,2line
2393.png,20A-360.78,1line
2394.png,30G 353.92,2line
2395.png,30G-335.31,1line
2396.png,29A-095.86,1line
2400.png,30A-359.19,2line
2404.png,30F-508.33,1line
2405.png,30G-039.16,1line
2407.png,19A 327256,2line
2408.png,30A-792.09,1line
2410.png,30A 699.19,2line
2411.png,29C-567.48,1line
2412.png,30E 694.36,2line
2415.png,30F-512.72,1line
2416.png,89A 124.33,2line
2417.png,29C 805.81,2line
2419.png,29A-854.37,1line
2422.png,29U 5411,2line
2424.png,89A 090.96,2line
2426.png,30A-924.50,2line
2427.png,30A-963.08,1line
2430.png,19A 327.26,2line
2431.png,30A-556.95,1line
2432.png,30A 827.71,2line
2433.png,30A-068.29,1line
2436.png,30E 344.41,2line
2437.png,99A 084.87,2line
2438.png,30A 315.44,2line
2441.png,30A 611.53,2line
2443.png,88A-305.98,1line
2444.png,29H-156.06,2line
2445.png,29C-666.25,1line
2447.png,30E-306.40,1line
2448.png,89A 043.69,2line
2453.png,88A-033.36,1line
2454.png,89A 058.20,2line
2455.png,30G 588.58,2line
2456.png,30F-880.13,1line
2457.png,29T-2471,1line
2458.png,30F-928.40,1line
2459.png,29A-231.36,1line
2460.png,30E-636.99,1line
2461.png,30A 929.57,2line
2463.png,30E-661.22,1line
2466.png,31F-7986,1line
2467.png,30F-450.81,1line
2468.png,30G 515.11,1line
2469.png,30F 393.61,2line
2471.png,30X-4243,1line
2472.png,29C 825.06,2line
2473.png,30F-608.98,1line
2474.png,30A 963.08,2line
2476.png,30A-687.83,1line
2477.png,88A-337.44,1line
2478.png,30F-771.59,1line
2485.png,89C 156.37,2line
2487.png,29C 652.27,2line
2489.png,30G-091.32,1line
2490.png,30E 685.00,2line
2491.png,30F-200.49,1line
2492.png,89A-137.80,1line
2494.png,29A 175.43,2line
2495.png,30F-679.41,1line
2496.png,30F-769.35,1line
2499.png,34A-358.99,2line
2500.png,30F 674.03,2line
2502.png,29A 462.94,2line
2504.png,30G-379.86,1line
2509.png,29A-871.80,1line
2510.png,30E 803.77,2line
2511.png,15A-169.38,1line
2512.png,99A 322.94,2line
2514.png,19A 297.36,2line
2515.png,30A-807.44,1line
2516.png,30G 119.94,2line
2518.png,29D-215.96,1line
2520.png,29C-993.40,1line
2522.png,18A-078.26,1line
2523.png,30E-344.11,1line
2526.png,30E-686.57,1line
2527.png,89A-088.77,1line
2531.png,30A-478.37,1line
2533.png,30A-896.85,1line
2535.png,29D 056.85,1line
2536.png,29D-017.99,1line
2537.png,29- 572.24,1line
2538.png,30G 005.67,2line
2539.png,89A 0775,1line
2540.png,30E 540.93,2line
2543.png,30A-203.88,1line
2546.png,30A 484.83,2line
2547.png,30G 372.13,2line
2551.png,30G-395.09,1line
2552.png,29H 384.52,2line
2554.png,30A-793.30,2line
2555.png,30F 465.64,2line
2557.png,29H-170.54,1line
2559.png,29A-339.28,1line
2560.png,30A 905.46,2line
2562.png,29A-017.71,1line
2563.png,30A-902.96,1line
2564.png,30F-156.95,1line
2565.png,30F-902.30,1line
2566.png,30F-286.20,1line
2569.png,37A-399.88,1line
2570.png,14A-190.68,1line
2573.png,88D 003.28,2line
2575.png,34A-139.74,1line
2577.png,30A 896.85,2line
2580.png,18A 078.26,2line
2582.png,30F-858.06,1line
2586.png,30F-772.94,1line
2589.png,3DF 951.91,2line
2591.png,29A-000.84,1line
2592.png,29A 429.45,2line
2595.png,30F 905.40,2line
2598.png,30E 325.86,2line
2599.png,30A 999.48,2line
2600.png,30G 065.34,2line
2603.png,37C 375.44,2line
2604.png,30E 610.35,2line
2606.png,30F-701.79,1line
2607.png,29A-5604,1line
2608.png,29E 000.10,2line
2610.png,30X-6295,1line
2611.png,29A 467.91,2line
2612.png,30E 545.15,2line
2615.png,12A 080.60,2line
2617.png,30F-729.29,1line
2618.png,29H-372.60,1line
2620.png,89D-005.90,1line
2622.png,30F-222.54,1line
2627.png,30M 4253,2line
2629.png,29A 604.32,2line
2633.png,30E 482.26,2line
2637.png,30G-278.38,1line
2639.png,30E-482.26,1line
2640.png,30G-342.41,1line
2641.png,30G 556.55,1line
2643.png,3DF 715.78,2line
2645.png,30F-715.54,1line
2649.png,30F-069.73,1line
2650.png,29H 316.58,2line
2651.png,30A 208.90,2line
2652.png,53S-8195,1line
2653.png,30E 198.15,2line
2656.png,30E 456.76,2line
2658.png,89A 217.62,2line
2660.png,99A 274.05,2line
2663.png,29A 372.29,2line
2665.png,30G -403.04,1line
2666.png,29A 773.97,2line
2669.png,30A 792.09,2line
2670.png,30F 998.44,2line
2674.png,30A-601.68,1line
2675.png,51H 365.09,2line
2678.png,29A-372.77,1line
2679.png,30E-610.35,1line
2683.png,52F-7584,1line
2685.png,38N-1636,1line
2687.png,30A-470.05,1line
2690.png,36A-041.04,1line
2692.png,29A-462.94,1line
2693.png,30F-512.71,1line
